trial_id,radius,convergence_time,final_state,network_features,belief_history
0,0.3,277,defection,"{'n_nodes': 50, 'radius': 0.3, 'n_edges': 255, 'max_degree': 17, 'mean_degree': 10.2, 'n_triangles': 551, 'is_connected': True}","[[0.5, 0.5, 0.5, 0.5, 0.5, 0.5, 0.5, 0.5, 0.35, 0.35, 0.5, 0.35, 0.35, 0.35, 0.5, 0.5, 0.5, 0.5, 0.5, 0.5, 0.35, 0.5, 0.35, 0.35, 0.5, 0.5, 0.5, 0.5, 0.5, 0.5, 0.35, 0.5, 0.35, 0.35, 0.5, 0.5, 0.5, 0.5, 0.5, 0.5, 0.5, 0.5, 0.35, 0.5, 0.5, 0.35, 0.5, 0.5, 0.35, 0.5]]"
1,0.3,242,defection,"{'n_nodes': 50, 'radius': 0.3, 'n_edges': 249, 'max_degree': 19, 'mean_degree': 9.96, 'n_triangles': 532, 'is_connected': True}","[[0.5, 0.5, 0.5, 0.35, 0.5, 0.5, 0.5, 0.35, 0.35, 0.5, 0.5, 0.5, 0.5, 0.5, 0.5, 0.5, 0.5, 0.5, 0.5, 0.5, 0.5, 0.5, 0.35, 0.35, 0.5, 0.35, 0.35, 0.35, 0.5, 0.35, 0.5, 0.35, 0.35, 0.5, 0.5, 0.35, 0.5, 0.35, 0.5, 0.35, 0.5, 0.5, 0.35, 0.5, 0.5, 0.5, 0.5, 0.5, 0.35, 0.5]]"
2,0.3,298,defection,"{'n_nodes': 50, 'radius': 0.3, 'n_edges': 247, 'max_degree': 17, 'mean_degree': 9.88, 'n_triangles': 520, 'is_connected': True}","[[0.5, 0.5, 0.5, 0.5, 0.5, 0.5, 0.5, 0.35, 0.5, 0.5, 0.5, 0.5, 0.35, 0.5, 0.5, 0.5, 0.5, 0.5, 0.5, 0.5, 0.5, 0.5, 0.5, 0.5, 0.5, 0.5, 0.5, 0.5, 0.5, 0.5, 0.5, 0.5, 0.35, 0.35, 0.5, 0.5, 0.5, 0.5, 0.5, 0.5, 0.5, 0.5, 0.5, 0.35, 0.5, 0.5, 0.35, 0.5, 0.35, 0.5]]"
3,0.3,352,defection,"{'n_nodes': 50, 'radius': 0.3, 'n_edges': 274, 'max_degree': 17, 'mean_degree': 10.96, 'n_triangles': 671, 'is_connected': True}","[[0.35, 0.5, 0.35, 0.5, 0.5, 0.35, 0.35, 0.35, 0.5, 0.5, 0.5, 0.5, 0.5, 0.5, 0.5, 0.5, 0.35, 0.35, 0.35, 0.5, 0.35, 0.35, 0.5, 0.5, 0.5, 0.5, 0.35, 0.5, 0.5, 0.5, 0.5, 0.5, 0.35, 0.5, 0.5, 0.5, 0.5, 0.5, 0.5, 0.5, 0.5, 0.35, 0.5, 0.5, 0.5, 0.5, 0.35, 0.5, 0.35, 0.35]]"
4,0.3,503,defection,"{'n_nodes': 50, 'radius': 0.3, 'n_edges': 263, 'max_degree': 18, 'mean_degree': 10.52, 'n_triangles': 593, 'is_connected': True}","[[0.5, 0.5, 0.5, 0.35, 0.5, 0.5, 0.5, 0.5, 0.5, 0.5, 0.35, 0.35, 0.5, 0.5, 0.35, 0.35, 0.5, 0.5, 0.5, 0.5, 0.5, 0.35, 0.35, 0.5, 0.35, 0.35, 0.5, 0.5, 0.5, 0.35, 0.5, 0.5, 0.35, 0.5, 0.5, 0.5, 0.35, 0.5, 0.5, 0.5, 0.5, 0.5, 0.5, 0.5, 0.5, 0.5, 0.5, 0.35, 0.5, 0.5]]"
5,0.3,292,defection,"{'n_nodes': 50, 'radius': 0.3, 'n_edges': 282, 'max_degree': 20, 'mean_degree': 11.28, 'n_triangles': 777, 'is_connected': True}","[[0.5, 0.5, 0.35, 0.5, 0.5, 0.5, 0.5, 0.5, 0.5, 0.5, 0.5, 0.5, 0.35, 0.5, 0.5, 0.5, 0.5, 0.35, 0.5, 0.5, 0.5, 0.5, 0.5, 0.5, 0.5, 0.5, 0.5, 0.5, 0.5, 0.5, 0.5, 0.5, 0.35, 0.5, 0.5, 0.35, 0.35, 0.5, 0.5, 0.5, 0.35, 0.5, 0.5, 0.5, 0.5, 0.5, 0.5, 0.5, 0.5, 0.35]]"
6,0.3,615,defection,"{'n_nodes': 50, 'radius': 0.3, 'n_edges': 269, 'max_degree': 17, 'mean_degree': 10.76, 'n_triangles': 661, 'is_connected': True}","[[0.5, 0.5, 0.5, 0.5, 0.5, 0.35, 0.5, 0.5, 0.5, 0.5, 0.35, 0.35, 0.5, 0.5, 0.5, 0.5, 0.5, 0.5, 0.5, 0.5, 0.5, 0.5, 0.35, 0.5, 0.5, 0.35, 0.35, 0.5, 0.5, 0.5, 0.5, 0.5, 0.35, 0.5, 0.5, 0.5, 0.5, 0.5, 0.5, 0.5, 0.5, 0.5, 0.35, 0.5, 0.35, 0.35, 0.5, 0.35, 0.5, 0.5]]"
7,0.3,330,defection,"{'n_nodes': 50, 'radius': 0.3, 'n_edges': 249, 'max_degree': 20, 'mean_degree': 9.96, 'n_triangles': 579, 'is_connected': True}","[[0.5, 0.5, 0.5, 0.5, 0.5, 0.5, 0.35, 0.5, 0.5, 0.35, 0.5, 0.5, 0.35, 0.5, 0.5, 0.5, 0.5, 0.5, 0.5, 0.5, 0.5, 0.5, 0.5, 0.5, 0.5, 0.5, 0.5, 0.5, 0.5, 0.35, 0.5, 0.5, 0.35, 0.35, 0.5, 0.5, 0.5, 0.5, 0.5, 0.5, 0.5, 0.5, 0.35, 0.35, 0.35, 0.5, 0.5, 0.5, 0.5, 0.35]]"
8,0.3,822,defection,"{'n_nodes': 50, 'radius': 0.3, 'n_edges': 274, 'max_degree': 20, 'mean_degree': 10.96, 'n_triangles': 639, 'is_connected': True}","[[0.5, 0.5, 0.5, 0.5, 0.5, 0.5, 0.5, 0.35, 0.5, 0.5, 0.5, 0.35, 0.5, 0.5, 0.5, 0.35, 0.35, 0.35, 0.35, 0.5, 0.5, 0.35, 0.35, 0.5, 0.35, 0.5, 0.5, 0.5, 0.5, 0.5, 0.5, 0.5, 0.35, 0.5, 0.5, 0.5, 0.5, 0.5, 0.35, 0.5, 0.5, 0.5, 0.35, 0.5, 0.5, 0.5, 0.5, 0.5, 0.5, 0.5]]"
9,0.3,232,defection,"{'n_nodes': 50, 'radius': 0.3, 'n_edges': 280, 'max_degree': 18, 'mean_degree': 11.2, 'n_triangles': 647, 'is_connected': True}","[[0.5, 0.5, 0.5, 0.5, 0.5, 0.35, 0.5, 0.35, 0.35, 0.35, 0.5, 0.5, 0.5, 0.5, 0.35, 0.5, 0.5, 0.5, 0.5, 0.5, 0.5, 0.5, 0.5, 0.5, 0.35, 0.35, 0.5, 0.5, 0.5, 0.5, 0.5, 0.35, 0.35, 0.5, 0.5, 0.5, 0.5, 0.5, 0.5, 0.5, 0.5, 0.5, 0.5, 0.5, 0.5, 0.5, 0.5, 0.5, 0.5, 0.5]]"
10,0.3,339,defection,"{'n_nodes': 50, 'radius': 0.3, 'n_edges': 253, 'max_degree': 18, 'mean_degree': 10.12, 'n_triangles': 622, 'is_connected': True}","[[0.5, 0.5, 0.5, 0.5, 0.35, 0.5, 0.35, 0.35, 0.5, 0.5, 0.5, 0.5, 0.5, 0.5, 0.35, 0.5, 0.5, 0.5, 0.5, 0.5, 0.5, 0.5, 0.5, 0.5, 0.5, 0.35, 0.5, 0.5, 0.35, 0.5, 0.5, 0.5, 0.35, 0.5, 0.5, 0.35, 0.5, 0.5, 0.5, 0.5, 0.5, 0.35, 0.5, 0.35, 0.5, 0.5, 0.5, 0.35, 0.5, 0.5]]"
11,0.3,173,defection,"{'n_nodes': 50, 'radius': 0.3, 'n_edges': 270, 'max_degree': 18, 'mean_degree': 10.8, 'n_triangles': 595, 'is_connected': True}","[[0.5, 0.5, 0.5, 0.5, 0.5, 0.5, 0.5, 0.5, 0.5, 0.5, 0.5, 0.5, 0.35, 0.5, 0.5, 0.5, 0.5, 0.5, 0.35, 0.5, 0.5, 0.5, 0.35, 0.5, 0.5, 0.5, 0.5, 0.5, 0.5, 0.35, 0.5, 0.5, 0.35, 0.5, 0.5, 0.5, 0.5, 0.5, 0.5, 0.5, 0.5, 0.5, 0.5, 0.5, 0.5, 0.5, 0.5, 0.5, 0.5, 0.5]]"
12,0.3,264,defection,"{'n_nodes': 50, 'radius': 0.3, 'n_edges': 276, 'max_degree': 19, 'mean_degree': 11.04, 'n_triangles': 774, 'is_connected': True}","[[0.5, 0.35, 0.35, 0.5, 0.5, 0.5, 0.35, 0.5, 0.5, 0.5, 0.5, 0.5, 0.5, 0.5, 0.5, 0.35, 0.35, 0.5, 0.5, 0.5, 0.5, 0.5, 0.5, 0.5, 0.5, 0.5, 0.5, 0.5, 0.35, 0.5, 0.5, 0.5, 0.35, 0.5, 0.35, 0.5, 0.5, 0.5, 0.5, 0.5, 0.5, 0.5, 0.5, 0.5, 0.35, 0.5, 0.5, 0.5, 0.5, 0.5]]"
13,0.3,259,defection,"{'n_nodes': 50, 'radius': 0.3, 'n_edges': 244, 'max_degree': 15, 'mean_degree': 9.76, 'n_triangles': 501, 'is_connected': True}","[[0.5, 0.5, 0.5, 0.5, 0.5, 0.5, 0.5, 0.5, 0.5, 0.5, 0.5, 0.5, 0.5, 0.5, 0.5, 0.5, 0.5, 0.35, 0.5, 0.5, 0.5, 0.5, 0.35, 0.5, 0.5, 0.5, 0.35, 0.35, 0.5, 0.5, 0.5, 0.35, 0.35, 0.35, 0.5, 0.35, 0.5, 0.5, 0.5, 0.5, 0.35, 0.35, 0.5, 0.5, 0.5, 0.5, 0.5, 0.5, 0.5, 0.35]]"
14,0.3,243,defection,"{'n_nodes': 50, 'radius': 0.3, 'n_edges': 259, 'max_degree': 17, 'mean_degree': 10.36, 'n_triangles': 624, 'is_connected': True}","[[0.5, 0.5, 0.5, 0.5, 0.5, 0.5, 0.5, 0.5, 0.5, 0.5, 0.35, 0.5, 0.5, 0.35, 0.35, 0.5, 0.5, 0.5, 0.5, 0.5, 0.5, 0.5, 0.5, 0.5, 0.5, 0.5, 0.5, 0.5, 0.5, 0.5, 0.35, 0.5, 0.35, 0.5, 0.35, 0.5, 0.5, 0.5, 0.5, 0.5, 0.5, 0.35, 0.5, 0.5, 0.5, 0.5, 0.5, 0.35, 0.5, 0.5]]"
15,0.3,378,defection,"{'n_nodes': 50, 'radius': 0.3, 'n_edges': 260, 'max_degree': 18, 'mean_degree': 10.4, 'n_triangles': 559, 'is_connected': True}","[[0.5, 0.5, 0.5, 0.35, 0.5, 0.5, 0.5, 0.5, 0.5, 0.5, 0.5, 0.5, 0.5, 0.5, 0.5, 0.5, 0.5, 0.5, 0.35, 0.5, 0.5, 0.5, 0.5, 0.5, 0.35, 0.5, 0.5, 0.5, 0.5, 0.5, 0.5, 0.5, 0.35, 0.5, 0.5, 0.5, 0.5, 0.5, 0.5, 0.5, 0.5, 0.5, 0.5, 0.5, 0.35, 0.5, 0.5, 0.35, 0.5, 0.35]]"
16,0.3,479,defection,"{'n_nodes': 50, 'radius': 0.3, 'n_edges': 280, 'max_degree': 21, 'mean_degree': 11.2, 'n_triangles': 745, 'is_connected': True}","[[0.5, 0.35, 0.5, 0.5, 0.5, 0.5, 0.5, 0.5, 0.5, 0.5, 0.5, 0.5, 0.5, 0.5, 0.35, 0.35, 0.5, 0.5, 0.5, 0.5, 0.35, 0.5, 0.5, 0.5, 0.5, 0.5, 0.5, 0.35, 0.5, 0.5, 0.5, 0.5, 0.5, 0.5, 0.5, 0.5, 0.5, 0.35, 0.35, 0.5, 0.5, 0.5, 0.5, 0.5, 0.5, 0.5, 0.5, 0.5, 0.5, 0.5]]"
17,0.3,283,defection,"{'n_nodes': 50, 'radius': 0.3, 'n_edges': 311, 'max_degree': 20, 'mean_degree': 12.44, 'n_triangles': 871, 'is_connected': True}","[[0.5, 0.5, 0.35, 0.35, 0.35, 0.35, 0.35, 0.5, 0.35, 0.5, 0.5, 0.5, 0.5, 0.5, 0.35, 0.35, 0.5, 0.35, 0.5, 0.35, 0.5, 0.5, 0.35, 0.5, 0.5, 0.35, 0.35, 0.5, 0.5, 0.5, 0.5, 0.35, 0.5, 0.5, 0.5, 0.5, 0.35, 0.35, 0.5, 0.5, 0.35, 0.35, 0.5, 0.5, 0.5, 0.5, 0.35, 0.35, 0.5, 0.5]]"
18,0.3,518,defection,"{'n_nodes': 50, 'radius': 0.3, 'n_edges': 294, 'max_degree': 23, 'mean_degree': 11.76, 'n_triangles': 926, 'is_connected': True}","[[0.5, 0.35, 0.5, 0.5, 0.5, 0.5, 0.5, 0.35, 0.5, 0.5, 0.5, 0.5, 0.5, 0.5, 0.35, 0.5, 0.5, 0.5, 0.35, 0.5, 0.35, 0.5, 0.35, 0.5, 0.35, 0.5, 0.5, 0.5, 0.5, 0.5, 0.5, 0.5, 0.5, 0.35, 0.5, 0.5, 0.5, 0.35, 0.5, 0.35, 0.5, 0.5, 0.5, 0.5, 0.35, 0.35, 0.5, 0.5, 0.5, 0.5]]"
19,0.3,515,defection,"{'n_nodes': 50, 'radius': 0.3, 'n_edges': 269, 'max_degree': 19, 'mean_degree': 10.76, 'n_triangles': 668, 'is_connected': True}","[[0.5, 0.5, 0.5, 0.5, 0.35, 0.35, 0.5, 0.5, 0.5, 0.5, 0.5, 0.35, 0.35, 0.35, 0.5, 0.5, 0.5, 0.5, 0.35, 0.35, 0.5, 0.5, 0.5, 0.5, 0.35, 0.5, 0.5, 0.35, 0.5, 0.5, 0.5, 0.5, 0.35, 0.5, 0.5, 0.5, 0.5, 0.5, 0.35, 0.5, 0.5, 0.5, 0.5, 0.35, 0.5, 0.5, 0.5, 0.5, 0.5, 0.5]]"
20,0.3,230,defection,"{'n_nodes': 50, 'radius': 0.3, 'n_edges': 249, 'max_degree': 18, 'mean_degree': 9.96, 'n_triangles': 536, 'is_connected': True}","[[0.35, 0.5, 0.5, 0.5, 0.5, 0.5, 0.5, 0.5, 0.5, 0.5, 0.5, 0.5, 0.5, 0.35, 0.35, 0.35, 0.5, 0.5, 0.5, 0.5, 0.5, 0.35, 0.35, 0.35, 0.5, 0.35, 0.5, 0.5, 0.5, 0.5, 0.35, 0.5, 0.5, 0.5, 0.35, 0.5, 0.5, 0.5, 0.35, 0.5, 0.5, 0.5, 0.5, 0.5, 0.5, 0.5, 0.5, 0.5, 0.5, 0.35]]"
21,0.3,462,defection,"{'n_nodes': 50, 'radius': 0.3, 'n_edges': 259, 'max_degree': 17, 'mean_degree': 10.36, 'n_triangles': 585, 'is_connected': True}","[[0.5, 0.5, 0.5, 0.5, 0.5, 0.5, 0.35, 0.5, 0.5, 0.35, 0.5, 0.35, 0.5, 0.5, 0.35, 0.5, 0.5, 0.5, 0.5, 0.5, 0.35, 0.5, 0.5, 0.5, 0.5, 0.35, 0.35, 0.5, 0.5, 0.35, 0.5, 0.35, 0.35, 0.5, 0.5, 0.35, 0.35, 0.5, 0.5, 0.35, 0.5, 0.5, 0.5, 0.35, 0.5, 0.5, 0.5, 0.35, 0.5, 0.5]]"
22,0.3,495,defection,"{'n_nodes': 50, 'radius': 0.3, 'n_edges': 286, 'max_degree': 22, 'mean_degree': 11.44, 'n_triangles': 761, 'is_connected': True}","[[0.5, 0.35, 0.35, 0.35, 0.35, 0.5, 0.35, 0.5, 0.5, 0.5, 0.35, 0.5, 0.5, 0.35, 0.35, 0.5, 0.5, 0.5, 0.35, 0.35, 0.5, 0.35, 0.5, 0.5, 0.5, 0.5, 0.35, 0.5, 0.35, 0.5, 0.5, 0.35, 0.5, 0.5, 0.5, 0.5, 0.5, 0.5, 0.5, 0.5, 0.5, 0.5, 0.5, 0.35, 0.35, 0.5, 0.5, 0.5, 0.5, 0.35]]"
23,0.3,446,defection,"{'n_nodes': 50, 'radius': 0.3, 'n_edges': 286, 'max_degree': 20, 'mean_degree': 11.44, 'n_triangles': 734, 'is_connected': True}","[[0.35, 0.35, 0.35, 0.5, 0.35, 0.5, 0.5, 0.5, 0.5, 0.5, 0.35, 0.5, 0.35, 0.5, 0.5, 0.5, 0.35, 0.35, 0.5, 0.5, 0.5, 0.35, 0.35, 0.5, 0.5, 0.5, 0.5, 0.5, 0.5, 0.5, 0.5, 0.5, 0.35, 0.5, 0.35, 0.5, 0.35, 0.5, 0.5, 0.5, 0.5, 0.5, 0.5, 0.35, 0.5, 0.35, 0.35, 0.5, 0.5, 0.5]]"
24,0.3,192,defection,"{'n_nodes': 50, 'radius': 0.3, 'n_edges': 272, 'max_degree': 17, 'mean_degree': 10.88, 'n_triangles': 638, 'is_connected': True}","[[0.5, 0.5, 0.5, 0.35, 0.5, 0.5, 0.5, 0.5, 0.5, 0.35, 0.5, 0.5, 0.5, 0.5, 0.5, 0.5, 0.5, 0.5, 0.5, 0.5, 0.5, 0.5, 0.5, 0.5, 0.5, 0.5, 0.5, 0.5, 0.35, 0.5, 0.5, 0.5, 0.5, 0.5, 0.5, 0.5, 0.35, 0.35, 0.5, 0.5, 0.5, 0.35, 0.5, 0.35, 0.5, 0.5, 0.35, 0.35, 0.5, 0.35]]"
25,0.3,546,defection,"{'n_nodes': 50, 'radius': 0.3, 'n_edges': 268, 'max_degree': 18, 'mean_degree': 10.72, 'n_triangles': 674, 'is_connected': True}","[[0.5, 0.35, 0.5, 0.5, 0.35, 0.5, 0.5, 0.5, 0.5, 0.5, 0.5, 0.5, 0.5, 0.5, 0.5, 0.35, 0.35, 0.5, 0.5, 0.35, 0.5, 0.35, 0.5, 0.5, 0.5, 0.5, 0.5, 0.5, 0.35, 0.35, 0.5, 0.5, 0.5, 0.35, 0.5, 0.5, 0.5, 0.5, 0.5, 0.35, 0.5, 0.35, 0.5, 0.5, 0.5, 0.5, 0.35, 0.35, 0.5, 0.5]]"
26,0.3,319,defection,"{'n_nodes': 50, 'radius': 0.3, 'n_edges': 237, 'max_degree': 17, 'mean_degree': 9.48, 'n_triangles': 512, 'is_connected': True}","[[0.5, 0.5, 0.5, 0.5, 0.35, 0.35, 0.35, 0.5, 0.35, 0.5, 0.5, 0.5, 0.5, 0.35, 0.5, 0.35, 0.35, 0.5, 0.35, 0.5, 0.5, 0.5, 0.5, 0.5, 0.35, 0.5, 0.5, 0.5, 0.5, 0.5, 0.35, 0.5, 0.5, 0.5, 0.5, 0.35, 0.5, 0.5, 0.5, 0.5, 0.5, 0.5, 0.5, 0.5, 0.5, 0.5, 0.5, 0.5, 0.5, 0.5]]"
27,0.3,584,defection,"{'n_nodes': 50, 'radius': 0.3, 'n_edges': 310, 'max_degree': 23, 'mean_degree': 12.4, 'n_triangles': 920, 'is_connected': True}","[[0.5, 0.5, 0.35, 0.5, 0.5, 0.5, 0.5, 0.35, 0.35, 0.35, 0.35, 0.5, 0.5, 0.35, 0.35, 0.5, 0.35, 0.5, 0.35, 0.5, 0.5, 0.5, 0.5, 0.5, 0.5, 0.5, 0.5, 0.35, 0.5, 0.35, 0.5, 0.5, 0.5, 0.35, 0.5, 0.35, 0.35, 0.5, 0.5, 0.5, 0.5, 0.35, 0.5, 0.5, 0.5, 0.5, 0.5, 0.5, 0.5, 0.35]]"
28,0.3,325,defection,"{'n_nodes': 50, 'radius': 0.3, 'n_edges': 234, 'max_degree': 17, 'mean_degree': 9.36, 'n_triangles': 492, 'is_connected': True}","[[0.35, 0.35, 0.5, 0.5, 0.5, 0.5, 0.5, 0.5, 0.5, 0.5, 0.5, 0.5, 0.5, 0.35, 0.5, 0.5, 0.5, 0.5, 0.5, 0.5, 0.5, 0.5, 0.5, 0.5, 0.5, 0.5, 0.5, 0.5, 0.5, 0.35, 0.35, 0.5, 0.35, 0.5, 0.5, 0.5, 0.35, 0.35, 0.5, 0.5, 0.5, 0.5, 0.5, 0.5, 0.5, 0.5, 0.5, 0.35, 0.5, 0.5]]"
29,0.3,224,defection,"{'n_nodes': 50, 'radius': 0.3, 'n_edges': 277, 'max_degree': 17, 'mean_degree': 11.08, 'n_triangles': 738, 'is_connected': True}","[[0.35, 0.5, 0.5, 0.5, 0.5, 0.35, 0.5, 0.5, 0.5, 0.5, 0.35, 0.5, 0.5, 0.5, 0.35, 0.5, 0.5, 0.5, 0.5, 0.35, 0.5, 0.35, 0.5, 0.35, 0.5, 0.5, 0.5, 0.5, 0.5, 0.5, 0.35, 0.5, 0.5, 0.5, 0.5, 0.5, 0.5, 0.5, 0.5, 0.5, 0.5, 0.5, 0.5, 0.5, 0.5, 0.5, 0.5, 0.5, 0.5, 0.5]]"
30,0.3,207,defection,"{'n_nodes': 50, 'radius': 0.3, 'n_edges': 307, 'max_degree': 19, 'mean_degree': 12.28, 'n_triangles': 810, 'is_connected': True}","[[0.5, 0.35, 0.5, 0.35, 0.5, 0.5, 0.5, 0.5, 0.5, 0.35, 0.5, 0.35, 0.35, 0.5, 0.5, 0.35, 0.5, 0.5, 0.5, 0.5, 0.35, 0.5, 0.5, 0.5, 0.35, 0.5, 0.5, 0.5, 0.35, 0.5, 0.5, 0.35, 0.5, 0.5, 0.35, 0.5, 0.5, 0.5, 0.5, 0.5, 0.5, 0.5, 0.5, 0.5, 0.5, 0.5, 0.35, 0.5, 0.5, 0.5]]"
31,0.3,543,defection,"{'n_nodes': 50, 'radius': 0.3, 'n_edges': 263, 'max_degree': 19, 'mean_degree': 10.52, 'n_triangles': 640, 'is_connected': True}","[[0.35, 0.35, 0.5, 0.5, 0.5, 0.35, 0.5, 0.5, 0.5, 0.5, 0.5, 0.5, 0.5, 0.5, 0.5, 0.35, 0.5, 0.35, 0.5, 0.35, 0.5, 0.35, 0.5, 0.5, 0.5, 0.5, 0.35, 0.5, 0.5, 0.35, 0.35, 0.5, 0.5, 0.5, 0.5, 0.5, 0.5, 0.35, 0.35, 0.5, 0.35, 0.5, 0.5, 0.5, 0.5, 0.35, 0.5, 0.35, 0.5, 0.5]]"
32,0.3,233,defection,"{'n_nodes': 50, 'radius': 0.3, 'n_edges': 238, 'max_degree': 15, 'mean_degree': 9.52, 'n_triangles': 473, 'is_connected': True}","[[0.5, 0.5, 0.5, 0.35, 0.5, 0.5, 0.5, 0.5, 0.5, 0.5, 0.5, 0.35, 0.5, 0.5, 0.5, 0.5, 0.5, 0.35, 0.5, 0.5, 0.35, 0.5, 0.5, 0.35, 0.5, 0.5, 0.5, 0.35, 0.35, 0.5, 0.5, 0.5, 0.5, 0.5, 0.5, 0.5, 0.35, 0.5, 0.5, 0.5, 0.5, 0.5, 0.5, 0.5, 0.35, 0.5, 0.5, 0.5, 0.5, 0.5]]"
33,0.3,313,defection,"{'n_nodes': 50, 'radius': 0.3, 'n_edges': 243, 'max_degree': 18, 'mean_degree': 9.72, 'n_triangles': 524, 'is_connected': True}","[[0.5, 0.5, 0.35, 0.5, 0.5, 0.5, 0.5, 0.35, 0.5, 0.5, 0.5, 0.35, 0.5, 0.5, 0.5, 0.5, 0.5, 0.5, 0.5, 0.5, 0.5, 0.5, 0.5, 0.35, 0.5, 0.5, 0.5, 0.5, 0.5, 0.5, 0.35, 0.5, 0.5, 0.5, 0.5, 0.35, 0.35, 0.5, 0.5, 0.5, 0.35, 0.5, 0.5, 0.35, 0.5, 0.35, 0.35, 0.5, 0.35, 0.5]]"
34,0.3,283,defection,"{'n_nodes': 50, 'radius': 0.3, 'n_edges': 247, 'max_degree': 16, 'mean_degree': 9.88, 'n_triangles': 598, 'is_connected': True}","[[0.5, 0.5, 0.5, 0.35, 0.5, 0.5, 0.5, 0.35, 0.5, 0.5, 0.5, 0.5, 0.35, 0.35, 0.5, 0.5, 0.5, 0.5, 0.35, 0.35, 0.5, 0.5, 0.35, 0.5, 0.5, 0.5, 0.5, 0.5, 0.35, 0.5, 0.5, 0.5, 0.5, 0.5, 0.5, 0.5, 0.5, 0.5, 0.5, 0.35, 0.5, 0.5, 0.5, 0.5, 0.5, 0.5, 0.5, 0.5, 0.5, 0.5]]"
35,0.3,296,defection,"{'n_nodes': 50, 'radius': 0.3, 'n_edges': 258, 'max_degree': 17, 'mean_degree': 10.32, 'n_triangles': 562, 'is_connected': True}","[[0.5, 0.5, 0.35, 0.35, 0.35, 0.5, 0.5, 0.35, 0.5, 0.35, 0.5, 0.35, 0.35, 0.35, 0.5, 0.5, 0.5, 0.5, 0.5, 0.35, 0.5, 0.5, 0.5, 0.35, 0.35, 0.5, 0.5, 0.5, 0.5, 0.35, 0.5, 0.35, 0.5, 0.5, 0.5, 0.5, 0.5, 0.5, 0.5, 0.5, 0.5, 0.5, 0.5, 0.5, 0.35, 0.5, 0.5, 0.35, 0.5, 0.5]]"
36,0.3,266,defection,"{'n_nodes': 50, 'radius': 0.3, 'n_edges': 232, 'max_degree': 17, 'mean_degree': 9.28, 'n_triangles': 452, 'is_connected': True}","[[0.5, 0.5, 0.5, 0.5, 0.5, 0.5, 0.5, 0.5, 0.5, 0.5, 0.5, 0.5, 0.5, 0.5, 0.5, 0.5, 0.5, 0.35, 0.5, 0.5, 0.35, 0.5, 0.5, 0.35, 0.5, 0.5, 0.5, 0.5, 0.5, 0.5, 0.5, 0.5, 0.5, 0.5, 0.5, 0.5, 0.5, 0.5, 0.5, 0.5, 0.5, 0.5, 0.5, 0.5, 0.35, 0.5, 0.5, 0.5, 0.35, 0.5]]"
37,0.3,315,defection,"{'n_nodes': 50, 'radius': 0.3, 'n_edges': 300, 'max_degree': 21, 'mean_degree': 12.0, 'n_triangles': 849, 'is_connected': True}","[[0.5, 0.5, 0.5, 0.35, 0.5, 0.35, 0.35, 0.5, 0.5, 0.5, 0.5, 0.5, 0.35, 0.35, 0.35, 0.5, 0.5, 0.5, 0.5, 0.5, 0.5, 0.5, 0.5, 0.5, 0.5, 0.5, 0.5, 0.5, 0.35, 0.35, 0.5, 0.35, 0.5, 0.35, 0.5, 0.5, 0.5, 0.5, 0.5, 0.35, 0.5, 0.5, 0.5, 0.35, 0.35, 0.5, 0.5, 0.5, 0.5, 0.35]]"
38,0.3,261,defection,"{'n_nodes': 50, 'radius': 0.3, 'n_edges': 244, 'max_degree': 15, 'mean_degree': 9.76, 'n_triangles': 472, 'is_connected': True}","[[0.5, 0.5, 0.5, 0.5, 0.35, 0.5, 0.5, 0.5, 0.5, 0.5, 0.5, 0.5, 0.5, 0.5, 0.5, 0.5, 0.5, 0.5, 0.5, 0.35, 0.5, 0.5, 0.5, 0.35, 0.5, 0.5, 0.5, 0.5, 0.5, 0.5, 0.5, 0.5, 0.5, 0.5, 0.5, 0.5, 0.5, 0.5, 0.5, 0.5, 0.35, 0.5, 0.5, 0.5, 0.5, 0.35, 0.5, 0.35, 0.5, 0.5]]"
39,0.3,562,defection,"{'n_nodes': 50, 'radius': 0.3, 'n_edges': 286, 'max_degree': 21, 'mean_degree': 11.44, 'n_triangles': 859, 'is_connected': True}","[[0.35, 0.5, 0.5, 0.35, 0.5, 0.35, 0.5, 0.35, 0.35, 0.5, 0.5, 0.5, 0.5, 0.5, 0.5, 0.35, 0.35, 0.35, 0.35, 0.5, 0.35, 0.35, 0.35, 0.5, 0.5, 0.5, 0.5, 0.35, 0.5, 0.5, 0.35, 0.5, 0.35, 0.35, 0.35, 0.5, 0.5, 0.5, 0.5, 0.5, 0.5, 0.5, 0.5, 0.35, 0.35, 0.35, 0.35, 0.5, 0.5, 0.35]]"
40,0.3,272,defection,"{'n_nodes': 50, 'radius': 0.3, 'n_edges': 237, 'max_degree': 15, 'mean_degree': 9.48, 'n_triangles': 512, 'is_connected': True}","[[0.5, 0.5, 0.5, 0.35, 0.5, 0.5, 0.5, 0.5, 0.5, 0.5, 0.35, 0.5, 0.5, 0.5, 0.5, 0.5, 0.5, 0.5, 0.5, 0.5, 0.5, 0.5, 0.5, 0.35, 0.5, 0.5, 0.5, 0.5, 0.5, 0.5, 0.5, 0.5, 0.5, 0.5, 0.5, 0.5, 0.5, 0.5, 0.5, 0.5, 0.5, 0.5, 0.5, 0.35, 0.5, 0.5, 0.5, 0.5, 0.5, 0.35]]"
41,0.3,248,defection,"{'n_nodes': 50, 'radius': 0.3, 'n_edges': 269, 'max_degree': 19, 'mean_degree': 10.76, 'n_triangles': 631, 'is_connected': True}","[[0.5, 0.5, 0.5, 0.5, 0.35, 0.5, 0.5, 0.5, 0.5, 0.5, 0.35, 0.5, 0.5, 0.5, 0.5, 0.5, 0.5, 0.5, 0.5, 0.5, 0.5, 0.5, 0.5, 0.5, 0.5, 0.5, 0.5, 0.5, 0.5, 0.35, 0.5, 0.5, 0.5, 0.35, 0.5, 0.5, 0.5, 0.5, 0.5, 0.35, 0.5, 0.5, 0.5, 0.5, 0.5, 0.5, 0.5, 0.5, 0.5, 0.5]]"
42,0.3,352,defection,"{'n_nodes': 50, 'radius': 0.3, 'n_edges': 285, 'max_degree': 22, 'mean_degree': 11.4, 'n_triangles': 800, 'is_connected': True}","[[0.5, 0.35, 0.5, 0.5, 0.35, 0.5, 0.5, 0.5, 0.35, 0.5, 0.5, 0.5, 0.5, 0.5, 0.5, 0.35, 0.5, 0.5, 0.5, 0.5, 0.5, 0.5, 0.5, 0.5, 0.35, 0.5, 0.5, 0.35, 0.5, 0.5, 0.5, 0.5, 0.5, 0.5, 0.5, 0.5, 0.5, 0.5, 0.5, 0.35, 0.5, 0.5, 0.5, 0.5, 0.5, 0.5, 0.5, 0.5, 0.5, 0.5]]"
43,0.3,306,defection,"{'n_nodes': 50, 'radius': 0.3, 'n_edges': 268, 'max_degree': 16, 'mean_degree': 10.72, 'n_triangles': 593, 'is_connected': True}","[[0.5, 0.35, 0.35, 0.35, 0.5, 0.5, 0.5, 0.5, 0.35, 0.5, 0.35, 0.5, 0.5, 0.5, 0.5, 0.5, 0.35, 0.35, 0.35, 0.5, 0.5, 0.5, 0.5, 0.35, 0.5, 0.5, 0.5, 0.5, 0.5, 0.5, 0.5, 0.5, 0.5, 0.5, 0.5, 0.5, 0.5, 0.5, 0.5, 0.5, 0.5, 0.5, 0.5, 0.5, 0.35, 0.5, 0.5, 0.5, 0.5, 0.5]]"
44,0.3,424,defection,"{'n_nodes': 50, 'radius': 0.3, 'n_edges': 299, 'max_degree': 19, 'mean_degree': 11.96, 'n_triangles': 819, 'is_connected': True}","[[0.5, 0.5, 0.5, 0.5, 0.35, 0.5, 0.5, 0.5, 0.5, 0.5, 0.5, 0.35, 0.5, 0.5, 0.5, 0.5, 0.5, 0.5, 0.5, 0.5, 0.5, 0.35, 0.35, 0.5, 0.5, 0.5, 0.5, 0.5, 0.5, 0.5, 0.5, 0.5, 0.5, 0.5, 0.35, 0.35, 0.5, 0.5, 0.35, 0.5, 0.5, 0.5, 0.5, 0.35, 0.5, 0.35, 0.35, 0.5, 0.5, 0.5]]"
45,0.3,319,defection,"{'n_nodes': 50, 'radius': 0.3, 'n_edges': 219, 'max_degree': 15, 'mean_degree': 8.76, 'n_triangles': 385, 'is_connected': True}","[[0.5, 0.35, 0.5, 0.5, 0.5, 0.35, 0.5, 0.5, 0.5, 0.35, 0.5, 0.5, 0.35, 0.5, 0.5, 0.35, 0.5, 0.35, 0.35, 0.5, 0.35, 0.5, 0.5, 0.5, 0.5, 0.35, 0.5, 0.5, 0.35, 0.5, 0.5, 0.5, 0.5, 0.5, 0.35, 0.5, 0.5, 0.5, 0.5, 0.5, 0.5, 0.5, 0.35, 0.5, 0.5, 0.5, 0.5, 0.35, 0.5, 0.5]]"
46,0.3,283,defection,"{'n_nodes': 50, 'radius': 0.3, 'n_edges': 210, 'max_degree': 13, 'mean_degree': 8.4, 'n_triangles': 337, 'is_connected': True}","[[0.5, 0.5, 0.5, 0.5, 0.5, 0.5, 0.35, 0.5, 0.5, 0.5, 0.5, 0.5, 0.5, 0.35, 0.5, 0.35, 0.5, 0.5, 0.5, 0.5, 0.5, 0.5, 0.5, 0.5, 0.5, 0.5, 0.5, 0.35, 0.5, 0.5, 0.35, 0.5, 0.35, 0.5, 0.5, 0.35, 0.5, 0.5, 0.5, 0.5, 0.5, 0.5, 0.5, 0.35, 0.5, 0.5, 0.5, 0.5, 0.5, 0.5]]"
47,0.3,290,defection,"{'n_nodes': 50, 'radius': 0.3, 'n_edges': 233, 'max_degree': 15, 'mean_degree': 9.32, 'n_triangles': 437, 'is_connected': True}","[[0.5, 0.5, 0.35, 0.5, 0.5, 0.35, 0.5, 0.5, 0.35, 0.35, 0.35, 0.5, 0.35, 0.5, 0.5, 0.5, 0.5, 0.5, 0.5, 0.5, 0.5, 0.35, 0.5, 0.5, 0.5, 0.5, 0.5, 0.5, 0.5, 0.35, 0.35, 0.5, 0.5, 0.5, 0.5, 0.5, 0.5, 0.5, 0.5, 0.35, 0.5, 0.5, 0.5, 0.5, 0.5, 0.5, 0.5, 0.5, 0.5, 0.35]]"
48,0.3,449,defection,"{'n_nodes': 50, 'radius': 0.3, 'n_edges': 248, 'max_degree': 16, 'mean_degree': 9.92, 'n_triangles': 574, 'is_connected': True}","[[0.5, 0.5, 0.5, 0.5, 0.5, 0.5, 0.5, 0.5, 0.5, 0.35, 0.5, 0.5, 0.5, 0.35, 0.5, 0.5, 0.35, 0.5, 0.35, 0.5, 0.5, 0.5, 0.5, 0.5, 0.5, 0.5, 0.5, 0.35, 0.35, 0.5, 0.5, 0.5, 0.5, 0.35, 0.5, 0.5, 0.5, 0.5, 0.5, 0.5, 0.5, 0.35, 0.5, 0.5, 0.5, 0.5, 0.5, 0.5, 0.5, 0.35]]"
49,0.3,537,defection,"{'n_nodes': 50, 'radius': 0.3, 'n_edges': 276, 'max_degree': 18, 'mean_degree': 11.04, 'n_triangles': 697, 'is_connected': True}","[[0.35, 0.35, 0.5, 0.5, 0.5, 0.5, 0.35, 0.5, 0.5, 0.5, 0.5, 0.35, 0.5, 0.5, 0.5, 0.35, 0.5, 0.35, 0.35, 0.5, 0.5, 0.5, 0.35, 0.35, 0.35, 0.35, 0.35, 0.35, 0.5, 0.5, 0.5, 0.5, 0.5, 0.5, 0.5, 0.35, 0.5, 0.5, 0.35, 0.35, 0.5, 0.35, 0.5, 0.5, 0.35, 0.5, 0.5, 0.5, 0.5, 0.5]]"
